District,Latitude (generated),Longitude (generated),Active_Cases,Confirmed_Cases,Death_Toll,Recovered_Cases
Zunheboto,25.97,94.52,4,119,0,115
Yavatmal,20.4,78.1333,1741,5434,122,3571
Yanam,16.7211,82.1974,324,1350,35,991
Yamunanagar,30.1,77.283,623,3012,42,2347
Yadgir,16.7667,77.1333,1212,7203,48,5943
Y.S.R. Kadapa,14.4667,78.8167,5313,37152,315,31524
Wokha,26.1,94.27,1,35,0,34
West Tripura,23.9164572,91.2738397,3218,7305,115,3972
West Singhbhum,22.4249634,84.957906,510,2583,20,2053
West Siang,28.1664541,94.7323603,182,327,0,145
West Khasi Hills,25.6182609,91.0087914,14,65,1,50
West Kameng,27.3076012,91.8408374,81,449,3,365
West Jaintia Hills,25.449379,92.0564622,14,41,0,27
West Godavari,16.9830808,80.790408,9165,52520,396,42959
West Garo Hills,25.572762,89.8510856,183,587,1,403
West Champaran,27.049265,83.7387743,416,4277,16,3845
Wayanad,11.7060193,76.0697971,471,2151,5,1675
Washim,20.1,77.15,646,2928,52,2230
Wardha,20.75,78.6167,736,2355,26,1593
Vizianagaram,18.1167,83.4167,10047,28959,204,18708
Visakhapatnam,17.7,83.25,5979,44912,368,38565
Virudhunagar,26.0051102,85.0770747,400,13767,205,13162
Viluppuram,11.9333,79.4833,841,9705,85,8779
Vijayapura,13.293,77.801,725,8057,138,7194
Vidisha,23.5239,77.8061,272,1303,27,1004
Vellore,12.86,79.035,1076,12899,197,11626
Varanasi,25.3069,83.0061,2035,11105,211,8859
Valsad,20.6333,72.9333,72,1091,10,1009
Vaishali,26.0051102,85.0770747,216,3833,27,3590
Vadodara,22.3,73.2,1520,10078,151,8407
Uttarkashi,30.733,78.45,318,1390,4,1068
Uttara Kannada,14.7228611,74.0351611,2105,7339,85,5149
Uttar Dinajpur,25.8690638,87.6055345,321,2901,27,2553
Uttar Bastar Kanker,20.2641629,81.4892805,478,1148,6,664
Upper Subansiri,27.8026396,94.3210596,21,170,0,149
Upper Siang,28.7275205,94.3641584,37,104,0,67
Upper Dibang Valley,28.915827,95.6054422,3,4,0,1
Unokoti,24.2286904,91.919689,581,1231,9,641
Unnao,26.55,80.48,654,2869,57,2158
Una,31.4707271,76.2513334,394,906,9,503
Umaria,23.5313515,80.8074687,95,247,5,147
Ujjain,23.1828,75.7772,453,2310,84,1773
Udupi,13.3322,74.7461,1915,14087,129,12043
Udhampur,32.93,75.13,700,1559,6,853
Udham Singh Nagar,29.0445842,79.1168325,1311,6419,48,5060
Udaipur,24.60827,73.637018,335,2992,37,2620
Tumakuru,13.34,77.1,2684,9601,199,6718
Tuensang,26.28,94.83,4,74,0,70
Tonk,26.1667,75.7833,130,863,13,720
Tiruvannamalai,12.25,79.0833,1461,13485,197,11827
Tiruppur,11.1875,77.5772,1792,5200,87,3321
Tirupathur,12.5,78.6,561,3857,76,3220
Tirunelveli,8.8333,77.6667,1065,11309,191,10053
Tiruchirappalli,11.35,79.15,871,9017,132,8014
Tirap,27.1666663,95.7912452,51,226,0,175
Tikamgarh,24.6514,78.9814,124,600,18,458
Thrissur,10.5113799,76.1532098,2217,7122,29,4876
Thoothukkudi,8.7766073,78.0759768,719,12458,119,11620
Thiruvarur,10.7667,79.65,771,5538,65,4702
Thiruvananthapuram,8.4997267,76.854126,5447,22278,156,16675
Thiruvallur,13.1230555,79.9031978,2053,28903,490,26360
Theni,10,77.483,740,13914,160,13014
Thanjavur,10.8,79.15,997,8626,132,7497
Thane,19.18,72.9633,29240,160683,4361,127082
Tenkasi,8.9667,77.3167,615,6400,121,5664
Tehri Garhwal,30.3853899,78.4646797,435,1789,2,1352
Tawang,27.5860567,91.8506514,71,234,1,162
Tarn Taran,31.4491,74.9205,330,1239,46,863
Tapi,21.1873841,73.486256,35,484,4,445
Surguja,22.9497941,82.9418716,644,1489,8,837
Surendranagar,22.7167,71.7167,245,1466,11,1210
Surat,21.17,72.83,2597,24821,700,21524
Surajpur,23.2136005,82.8592001,488,912,4,420
Supaul,26.1083,86.6011,474,3270,8,2788
Sundargarh,22.1167,84.0333,875,5812,42,4895
Sultanpur,26.258835,82.0305362,464,2699,42,2193
Sukma,18.3909113,81.6500455,359,941,2,580
Subarnapur,20.8439419,83.8941031,838,1916,5,1073
State Pool,,,1599,1599,0,0
Srinagar,34.1066986,74.736715,1903,11942,255,9784
Srikakulam,18.3,83.9,6280,33425,293,26852
Sri Muktsar Sahib,30.475,74.515,702,1829,25,1102
South West Khasi Hills,25.3103378,90.9257716,5,6,0,1
South West Garo Hills,25.572762,89.8510856,10,24,0,14
South Tripura,23.189617,91.2878952,749,1569,9,811
South Garo Hills,25.3490062,90.3343465,20,38,0,18
South 24 Parganas,22.0843799,88.0349813,1361,14058,258,12439
Sonipat,28.9958,77.0114,886,6278,42,5350
Sonbhadra,24.6841779,83.0311054,533,2309,21,1755
Solapur,17.6833,75.9167,7351,28342,986,20005
Solan,30.92,77.12,919,2359,18,1422
Siwan,26.22,84.36,242,3344,19,3083
Sivaganga,9.8667,78.4833,233,4585,114,4238
Sitapur,27.5667,80.6833,598,2990,26,2366
Sitamarhi,26.6,85.48,196,3140,10,2934
Sirsa,29.5349,75.029,918,2502,36,1548
Sirohi,24.8833,72.8667,100,1572,19,1453
Sirmaur,30.7016642,77.1423397,342,1319,6,971
Sipahijala,23.5361691,91.0835823,514,2291,17,1760
Singrauli,24.11,82.39,101,502,8,393
Sindhudurg,16.1309783,73.2034777,1122,2527,42,1363
Simdega,22.62,84.52,376,1433,4,1053
Sikar,27.6119,75.1397,277,3300,25,2998
Sidhi,24.42,81.88,198,546,2,346
Siddharthnagar,27.252176,82.6020032,362,2729,27,2340
Siang,28.23181,95,2,44,0,42
Shrawasti,27.6055702,81.6482802,77,837,11,749
Shopiyan,33.72,74.83,160,1892,29,1703
Shivpuri,25.4333,77.65,470,1701,15,1216
Shivamogga,13.9322064,75.5296954,3476,12804,207,9121
Shimla,31.1033,77.1722,331,676,13,332
Shi Yomi,28.8,94.3,2,21,0,19
Sheopur,25.67,76.7,152,692,4,536
Sheohar,26.52,85.3,101,956,1,854
Sheikhpura,25.08,85.51,157,2006,5,1844
Shamli,29.45,77.316,440,1760,13,1307
Shajapur,23.43,76.27,195,697,8,494
Shahjahanpur,27.8825,79.9158,1003,4672,63,3606
Shahid Bhagat Singh Nagar,31.1257468,75.8736949,222,1052,32,798
Shahdol,23.28,81.35,381,1061,12,668
Serchhip,23.3,92.833,11,24,0,13
Seoni,22.08,79.53,143,465,6,316
Sehore,23.2,77.08,415,1136,24,697
Sawai Madhopur,26.0211,76.3536,117,717,18,582
Satna,24.5822,80.8248,189,948,23,736
Satara,17.6833,73.9833,8849,25980,607,16524
Saran,25.9207015,84.5227709,401,4997,27,4569
Saraikela-Kharsawan,22.8234951,85.5964715,784,2187,7,1396
Sant Kabir Nagar,26.7327221,83.1392372,226,2285,28,2031
Sangrur,30.2333,75.8333,471,2895,116,2308
Sangli,16.8667,74.5667,10418,26646,809,15419
Sambhal,28.58,78.55,263,1934,36,1635
Sambalpur,21.45,83.9667,906,4244,17,3321
Samba,32.566,75.116,500,1135,8,627
Samastipur,25.8608,85.7822,295,3863,26,3542
Salem,11.65,78.1667,2162,15066,240,12664
Saitual,23.9707884,92.5744968,7,11,0,4
Saiha,22.48,92.97,4,31,0,27
Sahibganj,25.25,87.65,121,1092,9,962
Saharsa,25.88,86.6,534,4157,7,3616
Saharanpur,29.964,77.546,1635,5938,81,4222
Sagar,23.8374817,78.7136072,470,1691,75,1146
Sabarkantha,23.8671806,72.5129882,188,886,10,688
S.P.S. Nellore,14.4333,79.9667,4523,44950,398,40029
S.A.S. Nagar,30.6983052,76.6273402,2555,7171,139,4477
Rupnagar,30.9664,76.5331,380,1408,45,983
Rudraprayag,30.285391,78.9709604,228,520,1,291
Rohtas,24.6280589,83.9155269,293,4880,34,4553
Rohtak,28.9,76.5667,1096,4404,46,3262
Ribhoi,25.89,91.8271,152,360,3,205
Rewari,28.1833,76.6167,564,4669,26,4079
Rewa,24.5167,81.2833,410,1210,18,782
Reasi,33.08,74.83,255,632,3,374
Rayagada,19.1749816,83.3918093,641,6301,34,5626
Ratnagiri,16.9833,73.3,2787,6533,185,3561
Ratlam,23.3167,75.0667,289,1544,31,1224
Ranipet,12.9533913,79.2815916,637,12287,145,11505
Ranchi,23.3556,85.3347,3523,13912,92,10297
Rampur,28.7931101,78.9898547,610,4339,34,3695
Ramgarh,23.6351926,85.4784172,1000,2954,15,1939
Ramban,33.25,75.25,209,865,3,653
Ramanathapuram,9.3833,78.8333,270,5233,114,4849
Ramanagara,12.714359,77.2668972,644,4409,39,3726
Rajsamand,25.0586,73.8886,215,1496,18,1263
Rajouri,33.21,74.42,752,1626,18,856
Rajnandgaon,21.1,81.03,2933,5575,32,2610
Rajkot,22.2969,70.7984,2070,6989,116,4803
Rajgarh,21.8949896,83.3600567,172,1058,15,871
Raisen,23.33,77.8,221,998,19,758
Raipur,21.2618911,81.5490328,11972,23621,278,11371
Railway Quarantine,,,2,428,0,426
Raigarh,21.9,83.4,1649,3871,31,2191
Raigad,18.2352353,73.4361793,9987,42813,943,31883
Raichur,16.2,77.37,1540,9628,127,7961
Rae Bareli,26.2338,81.2336,646,2238,58,1534
Purulia,23.3333,86.3667,550,2315,11,1754
Purnia,25.78,87.47,617,5164,9,4538
Puri,19.8,85.8167,2026,6843,28,4789
Purba Medinipur,22.0590715,87.5343463,1164,8796,92,7540
Purba Bardhaman,23.452643,87.7422445,595,3844,31,3218
Pune,18.5236,73.8478,80152,239481,4888,154441
Punch,33.7667,74.1,557,995,6,432
Pulwama,33.88,74.92,490,3274,62,2722
Pudukkottai,10.3833,78.8167,791,7588,122,6675
Puducherry Region,11.93,79.83,3896,17710,349,13465
Prayagraj,25.45,81.85,3716,14926,223,10987
Pratapgarh,24.0317,74.7797,943,3527,45,2539
Prakasam,15.6357161,79.0456822,13655,37865,389,23821
Porbandar,21.6422,69.6093,17,382,4,361
Pithoragarh,29.58,80.22,247,718,4,467
Pilibhit,28.6333,79.7667,322,2947,49,2576
Phek,25.6667,94.5,1,34,0,33
Peren,25.5123707,93.7370575,3,350,0,347
Perambalur,11.2333,78.8833,106,1581,19,1456
Pauri Garhwal,29.8498142,78.4655144,560,1187,10,617
Patna,25.61,85.1414,1817,24374,188,22369
Patiala,30.34,76.4,1977,9212,253,6982
Pathankot,32.2689,75.6497,863,2470,39,1568
Pathanamthitta,9.266,76.783,1116,4948,3,3829
Patan,23.83,72.12,160,1392,39,1193
Paschim Medinipur,22.3572007,86.6670208,1497,7470,83,5890
Paschim Bardhaman,23.474469,87.301537,966,5559,46,4547
Parbhani,19.2667,76.7833,1389,4306,128,2789
Papum Pare,27.15,93.72,707,2450,4,1739
Panna,24.7138071,80.1652352,76,382,1,305
Panipat,29.3833,76.9667,1503,5991,59,4429
Panchmahal,22.6960462,73.3612066,339,1911,17,1555
Panchkula,30.7024862,76.7922108,1371,4386,51,2964
Palwal,28.1431,77.3269,214,2033,14,1805
Pali,25.7773131,73.2909371,226,4674,49,4399
Palghar,19.7,72.77,5922,31682,729,25031
Palamu,23.8281341,85.9324153,95,2084,8,1981
Palakkad,10.7881651,76.6188877,1560,6619,12,5047
Pakur,24.63,87.85,71,589,1,517
Pakke Kessang,27.1458523,93.2375062,4,32,0,28
Osmanabad,18.1667,76.05,2610,9212,244,6358
Nuh,28.1028,77.0014,136,987,18,833
Nuapada,20.8167,82.5333,877,1701,0,824
North Tripura,24.0882607,91.924692,611,1695,9,1075
North Garo Hills,25.8962871,90.3182193,13,32,0,19
North 24 Parganas,22.6823617,88.1551152,4400,42669,914,37355
Niwari,25.3606339,78.7892353,42,254,1,211
Nilgiris,11.4483606,76.3438651,577,2528,17,1934
Neemuch,24.4678456,74.837107,383,1585,27,1175
Nayagarh,20.13,85.1,466,3878,19,3393
Nawada,24.88,85.53,235,2473,16,2222
Navsari,20.9506,72.9231,120,1061,6,935
Nashik,20,73.7833,12048,57037,1071,43918
Narsinghpur,22.9463295,79.1829614,514,1344,7,823
Narmada,21.7382443,73.3624263,106,788,0,682
Narayanpur,19.7195562,81.2384425,180,833,0,653
Nandurbar,21.3667,74.25,1104,4131,106,2921
Nanded,19.15,77.3333,5856,11835,314,5665
Namsai,27.6697651,95.8539641,18,214,1,195
Namakkal,11.2333,78.1667,879,3559,52,2628
Nalanda,25.1222549,85.4549807,427,5212,38,4747
Nainital,29.38,79.45,1275,4398,79,3044
Nagpur,21.1539,79.0831,20979,53853,1446,31428
Nagaur,27.2,74.7333,209,2937,44,2684
Nagapattinam,10.766,79.833,1155,4312,70,3087
Nadia,22.7061898,88.7445352,919,5666,67,4680
Nabarangapur,19.2333,82.55,821,2316,4,1491
Mysuru,12.3031,76.6433,6546,26740,615,19579
Muzaffarpur,26.07,85.45,592,7179,31,6556
Muzaffarnagar,29.4739,77.7041,1124,3491,52,2315
Murshidabad,24.18,88.27,696,4609,54,3859
Munger,25.381,86.465,171,2635,36,2428
Mungeli,22.07,81.68,523,856,0,333
Mumbai,18.9667,72.8333,31300,173596,8230,134066
Morena,26.5,78,145,2311,18,2148
Morbi,22.8167,70.8333,284,1303,15,1004
Moradabad,28.8333,78.7833,1355,6990,125,5510
Mon,26.75,95.1,28,328,1,299
Mokokchung,26.32,94.5,15,40,0,25
Moga,30.8,75.17,543,1918,50,1325
Mirzapur,25.15,82.58,305,2058,26,1727
Mehsana,23.5898681,72.3479594,635,2007,29,1343
Meerut,28.9927,77.6824,2075,6839,184,4580
Mayurbhanj,21.9220655,85.8516602,1005,5888,14,4869
Mau,25.9396567,83.5451121,313,2045,21,1711
Mathura,27.4833,77.6833,858,3257,61,2338
Mansa,29.98,75.38,303,1104,17,784
Mandya,12.5242,76.8958,1952,8570,87,6531
Mandsaur,24.03,75.08,212,1197,14,971
Mandla,22.6,80.38,81,392,5,306
Mandi,31.72,76.92,588,1030,11,431
Mamit,23.9153307,92.4602931,11,34,0,23
Malkangiri,18.35,81.9,252,2843,11,2580
Malda,25,88,502,5734,50,5182
Malappuram,11.0417,76.0794,3226,13565,39,10300
Mainpuri,27.23,79.02,568,2273,38,1667
Mahoba,25.28,79.8729,124,677,6,547
Mahisagar,23.190597,73.3558317,136,766,4,626
Mahendragarh,28.28,76.15,501,2594,3,2090
Mahe,11.7008074,75.5203262,29,109,0,80
Mahasamund,21.1,82.1,821,1473,16,636
Maharajganj,27.13,83.57,693,4050,55,3302
Madurai,9.9197,78.1194,732,15477,374,14371
Madhubani,26.37,86.08,415,5453,16,5022
Madhepura,25.9144,86.7827,306,2665,9,2350
Lunglei,22.88,92.73,11,129,0,118
Ludhiana,30.9083,75.8486,1579,14176,607,11990
Lucknow,26.8606,80.9158,9711,41091,539,30841
Lower Subansiri,27.84,93.59,64,124,0,60
Lower Siang,28.1664541,94.7323603,27,152,0,125
Lower Dibang Valley,28.1428721,95.834347,90,159,0,69
Longleng,26.490749,94.8048501,1,7,0,6
Longding,26.7604,95.3698,42,90,0,48
Lohit,27.9100925,96.1351769,43,193,0,150
Lohardaga,23.43,84.68,161,830,5,664
Lepa Rada,27.983118,94.687942,16,80,0,64
Leh,34.1662567,77.5317187,502,1972,18,1452
Lawngtlai,22.5289617,92.8568738,5,34,0,29
Latur,18.4,76.5833,4544,13037,371,8122
Latehar,23.75,84.5,221,1254,1,1032
Lalitpur,24.6903,78.4189,583,2036,30,1423
Lakhisarai,25.1725811,86.0815324,346,2300,7,1947
Lakhimpur Kheri,27.9063561,80.7887793,754,3387,42,2591
Lahaul and Spiti,32.5022277,76.9630843,21,29,0,8
Kutch,24.28,70.13,417,1652,31,1204
Kushinagar,26.7416957,83.8849613,633,4209,26,3550
Kurung Kumey,27.99983,93.3924,12,19,0,7
Kurukshetra,29.969277,76.8468822,1542,3909,65,2302
Kurnool,15.8222,78.035,3878,52280,425,47977
Kupwara,34.5411,74.2425,933,2906,58,1915
Kullu,31.96,77.1,110,395,1,284
Kulgam,33.64,75.02,134,2108,40,1934
Krishnagiri,12.5333,78.2333,826,3327,45,2456
Krishna,16.4307423,80.2209289,2889,21873,357,18627
Kra Daadi,29.2235413,95.5602284,1,4,0,3
Kozhikode,11.25,75.7667,2659,9270,44,6567
Kottayam,9.5917,76.5222,2235,6508,3,4270
Kota,25.1733863,75.7769083,2614,7805,89,5102
Koriya,23.4295448,81.6163875,522,974,7,445
Korba,22.3458,82.6963,615,1640,5,1020
Koraput,18.8167,82.7167,734,4953,7,4212
Koppal,15.35,76.15,1701,9326,194,7431
Kondagaon,19.6,81.67,339,746,1,406
Kollam,8.9040607,76.5600537,2391,7296,31,4874
Kolkata,22.5411,88.3378,4309,47628,1500,41819
Kolhapur,16.7,74.2333,9508,33745,1017,23220
Kolasib,24.2250465,92.6657401,34,209,0,175
Kolar,13.1333,78.1333,736,4608,77,3795
Kohima,25.6667,94.1194,437,1608,0,1171
Koderma,24.47,85.6,573,2181,17,1591
Kodagu,12.3788215,75.4995338,393,2045,27,1625
Kishtwar,33.32,75.77,357,681,3,321
Kishanganj,26.0794,87.9372,311,2654,10,2333
Kiphire,25.8693604,94.78328,2,16,0,14
Kinnaur,31.5918868,77.8155324,42,121,0,79
Khunti,23.014,85.2724,258,1139,3,878
Khowai,24.0698766,91.5860436,425,1391,18,948
Khordha,20.1795664,85.6243513,6254,27271,104,20913
Kheda,22.7502665,72.6808005,72,1114,16,1026
Khawzawl,23.5199921,93.1686917,1,4,0,3
Khargone,21.8253,75.6107,565,2525,34,1926
Khandwa,21.83,76.33,211,1222,28,983
Khagaria,25.5,86.48,153,2536,9,2374
Kendujhar,21.6333,85.5833,475,2984,10,2499
Kendrapara,20.5,86.4167,1067,3309,4,2238
Kaushambi,25.3590343,81.3959884,221,1279,15,1043
Katni,23.8236225,80.3648563,210,757,11,536
Katihar,25.5333,87.5833,362,5222,11,4849
Kathua,33.37,75.52,485,1422,13,924
Kasganj,27.82,78.65,277,1185,2,906
Kasaragod,12.5014,74.99,1943,7421,38,5440
Karur,10.95,78.0833,442,2281,33,1806
Karnal,29.69,76.9883,1846,5788,78,3864
Kargil,34.5583783,76.0995081,436,1527,26,1065
Karauli,26.5,77.0167,120,710,8,582
Karaikal,10.916,79.833,425,1432,21,986
Kapurthala,31.38,75.38,592,2191,106,1493
Kanyakumari,8.096,77.5541,814,11197,210,10173
Kanpur Nagar,26.440017,79.6836875,4671,20770,536,15563
Kanpur Dehat,26.4581717,79.5688029,412,1551,18,1121
Kannur,11.8675,75.3576,2160,6511,36,4315
Kannauj,27.07,79.92,288,2080,21,1771
Kangra,32.1,76.2667,626,1567,20,921
Kandhamal,20.1268692,83.4826576,433,3017,17,2567
Kancheepuram,12.8308,79.7078,1310,19768,288,18170
Kamle,23.540539,84.7202354,0,3,0,3
Kallakurichi,11.7389,78.9739,1014,8146,90,7042
Kalimpong,27.06,88.47,134,682,3,545
Kalahandi,20.1362199,85.0804276,578,2149,5,1566
Kalaburagi,17.3333,76.8333,2394,14760,248,12118
Kaithal,29.8017,76.3967,431,1853,28,1394
Kaimur,24.9068342,83.5272809,125,1469,9,1335
Kabeerdham,22.02,81.25,914,1324,5,405
Junagadh,21.52,70.47,299,2265,29,1937
Jodhpur,26.2703424,72.9605029,2243,15568,125,13200
Jind,29.3161,76.3142,461,1391,12,918
Jhunjhunu,28.1256,75.3978,174,1300,7,1119
Jharsuguda,21.85,84.0333,700,2694,1,1993
Jhargram,22.45,86.98,103,414,2,309
Jhansi,25.4486,78.5696,1065,5887,119,4703
Jhalawar,24.6,76.15,284,2131,9,1838
Jhajjar,28.6061,76.6564,476,1951,19,1456
Jhabua,22.77,74.6,209,1043,11,823
Jehanabad,25.2116895,84.9720594,200,2716,8,2508
Jaunpur,25.7333,82.6833,523,4424,57,3844
Jashpur,21.7171098,83.0647352,240,765,2,523
Janjgir Champa,21.9704423,82.5322362,1424,2653,15,1214
Jamui,24.92,86.22,166,1893,6,1721
Jamtara,23.95,86.8,54,575,1,520
Jamnagar,22.47,70.07,315,4411,34,4062
Jammu,32.7333,74.85,6017,8998,99,2882
Jalpaiguri,26.5167,88.7333,601,4891,42,4248
Jalore,25.35,72.6167,172,1541,13,1356
Jalna,19.8333,75.8833,1813,6169,172,4184
Jalgaon,21.0167,75.5667,9440,38669,1057,28172
Jalaun,26.145,79.3364,351,1816,17,1448
Jalandhar,31.3256,75.5792,2643,10149,271,7235
Jajpur,20.8389975,86.3143831,1305,6006,8,4693
Jaisalmer,26.9167,70.9167,132,560,6,422
Jaipur,26.9167,75.8667,5671,15672,302,9699
Jagatsinghpur,20.2,86.3,918,3188,6,2264
Jabalpur,23.1667,79.9333,1235,6643,114,5294
Italians,,,0,16,0,16
Indore,22.7206,75.8472,5298,17547,467,11782
Idukki,9.8279079,76.8595592,522,2360,3,1835
Howrah,22.5844,88.2664,996,15496,468,14032
Hoshiarpur,31.5322,75.9172,1064,3114,98,1952
Hoshangabad,22.75,77.72,347,972,24,601
Hooghly,22.9027412,88.3547135,1433,10436,178,8825
Hnahthial,23.6955939,93.3750691,4,4,0,0
Hisar,29.1489,75.7367,1145,4070,33,2892
Hingoli,19.72,77.15,540,2200,48,1612
Hazaribagh,23.98,85.35,685,2666,21,1960
Haveri,14.8,75.4,1760,6981,132,5089
Hathras,27.36,78.03,121,824,7,696
Hassan,13.06,76.1,3264,12542,236,9042
Haridwar,29.9667,78.1667,2306,7180,69,4805
Hardoi,27.42,80.12,796,3662,51,2815
Harda,22.33,77.1,145,666,14,507
Hapur,28.728,77.7847,354,2204,35,1815
Hanumangarh,29.5833,74.3167,106,636,2,528
Hamirpur,25.9547253,80.1464867,289,1616,20,1307
Gwalior,26.215,78.1931,2148,8029,89,5792
Gurugram,28.4228859,76.8496635,2438,15923,151,13334
Gurdaspur,32.0333,75.4,1443,4354,99,2812
Guntur,16.3,80.45,7179,46645,469,38997
Guna,24.65,77.3167,149,510,12,349
Gumla,23,84.5,419,1356,2,935
Gorakhpur,26.7636979,83.3338712,2726,13119,196,10197
Gopalganj,26.47,84.43,524,3535,2,3009
Gondia,21.45,80.2,1237,3444,38,2169
Gonda,27.1333,81.9333,432,3228,33,2763
Gomati,23.5183243,91.358571,637,2208,22,1549
Godda,24.83,87.22,134,1069,6,929
Giridih,24.1814,86.3108,322,2822,9,2491
Gir Somnath,20.9917609,70.451566,175,1193,16,1002
Ghazipur,25.5833,83.5667,334,3402,36,3032
Ghaziabad,28.6667,77.4167,1858,11335,73,9404
Gaya,24.75,85.0167,334,5206,44,4828
Gautam Buddha Nagar,28.3693136,77.2386288,1928,10482,48,8506
Gaurela Pendra Marwahi,22.8588426,81.7835258,155,191,0,36
Gariaband,20.6347891,82.0527426,281,810,6,523
Garhwa,24.1610416,83.7822759,175,1615,7,1433
Ganjam,19.3884398,85.0374766,295,19301,223,18783
Ganganagar,29.9178,73.8817,183,980,9,788
Gandhinagar,23.22,72.68,494,3010,67,2449
Ganderbal,34.2164946,74.7631883,537,2205,26,1642
Gajapati,19.1935407,83.8385004,140,3175,19,3016
Gadchiroli,20.1749707,79.9782545,342,1310,2,966
Gadag,15.4167,75.6167,999,7692,111,6582
Firozabad,27.15,78.42,412,2203,51,1740
Ferozepur,30.9319375,74.5892518,661,2456,79,1716
Fazilka,30.403,74.025,409,1518,23,1086
Fatehpur,25.9227617,80.7814401,407,1840,27,1406
Fatehgarh Sahib,30.6537881,76.3770158,260,1506,60,1186
Fatehabad,29.5049081,75.437993,727,1748,23,998
Farrukhabad,27.3905,79.5801,435,1864,32,1397
Faridkot,30.65,74.75,724,2054,33,1297
Faridabad,28.4167,77.3,1773,16409,195,14441
Evacuees,,,0,61,0,61
Etawah,26.77,79.03,846,3244,46,2352
Etah,27.5569971,78.6379863,433,1445,12,1000
Erode,11.35,77.7333,1046,4803,63,3694
Ernakulam,9.9783,76.2836,3125,9617,50,6442
East Singhbhum,22.6126068,86.1990915,2700,11002,250,8052
East Siang,28.2654181,94.8126591,155,422,1,266
East Khasi Hills,25.4222897,91.475646,1187,2534,24,1323
East Kameng,27.4904152,92.4479927,21,243,0,222
East Jaintia Hills,25.257107,92.2296684,203,246,0,43
East Godavari,17.1567186,81.179812,11999,79643,464,67180
East Garo Hills,25.6214807,90.4950612,17,104,0,87
East Champaran,26.6370346,84.6075986,465,5887,33,5389
Durg,21.19,81.28,3702,6726,58,2966
Dungarpur,23.8431,73.7144,196,1344,13,1135
Dumka,24.27,87.25,188,831,6,637
Doda,33.13,75.57,576,1053,15,462
Diu,20.715,70.9844,40,284,0,244
Dindori,22.9407277,81.067257,96,283,0,187
Dindigul,10.35,77.95,676,8001,151,7174
Dimapur,25.9125,93.7417,796,2572,9,1767
Dibang Valley,28.915827,95.6054422,0,0,0,0
Dhule,20.9,74.7833,1687,11001,281,9033
Dholpur,26.7,77.9,170,2562,24,2368
Dhenkanal,20.6574,85.5969,465,2687,2,2220
Dharwad,15.4667,75.0167,2298,14681,431,11952
Dharmapuri,12.127,78.158,816,2204,20,1368
Dhar,22.6,75.3,484,1497,20,993
Dhanbad,23.78,86.41,993,4154,48,3113
Dhamtari,20.71,81.55,624,1071,2,445
Dhalai,23.8247732,91.6803919,848,2025,8,1169
Dewas,22.9659,76.0553,196,1000,19,785
Devbhumi Dwarka,22.2403,68.9686,13,428,4,411
Deoria,26.5017,83.7792,896,5151,56,4199
Deoghar,24.4739933,86.6651874,240,1880,14,1626
Deogarh,21.53,84.73,116,422,0,306
Delhi Region,28.7,77.2,29787,225796,4806,191203
Dehradun,30.325,78.0461,3510,8391,214,4667
Davanagere,14.4667,75.9167,2752,13627,227,10648
Dausa,26.89,76.3358,101,714,9,604
Datia,25.67,78.47,178,1009,11,820
Darjeeling,27.0417,88.2631,774,6498,93,5631
Darbhanga,26.1667,85.9,364,2829,20,2445
Dang,20.8241472,73.426486,21,81,0,60
Damoh,23.84,79.45,385,1114,20,709
Daman,20.4169,72.834,65,1155,1,1089
Dakshina Kannada,12.8176867,74.9429238,4034,18092,450,13608
Dakshin Dinajpur,25.3879473,88.3059845,437,4599,29,4133
Dakshin Bastar Dantewada,18.7881211,81.1803654,521,878,3,354
Dahod,22.8333,74.2667,360,1466,6,1100
Dadra and Nagar Haveli,20.2073394,72.9336742,146,1345,1,1198
Cuttack,20.45,85.8667,3252,13739,58,10429
Cuddalore,11.75,79.75,2558,16835,184,14093
Cooch Behar,26.3299633,89.4116111,601,4445,24,3820
Coimbatore,11,76.9667,3593,23147,361,19193
Churu,28.3,74.95,156,1299,10,1133
Chittorgarh,24.9048329,74.5865746,174,1318,12,1132
Chittoor,13.2,79.1167,7944,50718,543,42231
Chitrakoot,25.2151459,80.8437925,190,985,5,790
Chitradurga,14.2333,76.4,1544,5259,33,3682
Chikkamagaluru,13.3167,75.7833,1752,6533,104,4677
Chikkaballapura,13.435,77.7278,1016,5976,73,4887
Chhota Udaipur,22.304,74.0158,83,421,2,336
Chhindwara,22.0597,78.9481,242,764,16,506
Chhatarpur,24.9,79.6,147,895,21,727
Chennai,13.09,80.27,9886,150572,3001,137685
Chengalpattu,12.6906,79.9778,2119,31067,491,28457
Chatra,24.2045,84.877,288,1063,5,770
Charkhi Dadri,28.6,76.266,148,416,1,267
Changlang,27.7588227,96.6132545,118,623,2,503
Chandrapur,19.95,79.3,3240,6028,62,2726
Chandigarh Region,30.7353,76.7911,2994,8592,96,5502
Chandauli,25.2569,83.2678,588,2701,24,2089
Champhai,23.4731343,93.3013776,2,17,0,15
Champawat,29.3349395,80.0833281,270,586,2,314
Chamoli,30.42,79.33,171,562,0,391
Chamba,32.57,76.13,138,644,5,501
Chamarajanagara,11.9236,76.94,469,3114,56,2589
Buxar,25.5605,83.9805,176,3217,10,3031
Burhanpur,21.3,76.2333,48,627,25,554
Bundi,25.4383,75.6372,319,1012,5,688
Buldhana,20.5282269,76.1690389,1991,5615,97,3527
Bulandshahr,28.4,77.85,637,3049,50,2362
Budgam,34.0178,74.7197,1477,3947,73,2397
Budaun,28.05,79.12,455,2232,22,1755
BSF Camp,,,0,85,0,85
Boudh,20.8436748,84.3100553,344,1142,1,797
Botad,22.17,71.67,153,629,5,471
Bokaro,23.783,85.966,227,3168,20,2921
Birbhum,24.3580786,87.8373133,390,2860,22,2448
Bilaspur,22.05728,82.170952,3511,5535,64,1960
Bikaner,28.0181,73.3169,360,5355,96,4899
Bijnor,29.37,78.13,478,2469,28,1963
Bijapur,16.8244,75.7154,511,1066,6,549
Bidar,17.9,77.55,566,5545,146,4833
Bhopal,23.25,77.4167,1738,13646,334,11574
Bhojpur,25.5832878,84.1239792,145,3889,29,3715
Bhiwani,28.7833,76.1333,367,2110,22,1721
Bhind,26.5622,78.7911,81,731,5,645
Bhilwara,25.35,74.6333,273,2690,17,2400
Bhavnagar,21.765,72.1369,403,3543,52,3088
Bharuch,21.7,72.9667,196,1893,16,1681
Bharatpur,27.2172,77.49,135,3968,73,3760
Bhandara,21.1667,79.65,1883,3154,51,1220
Bhagalpur,25.25,87.0167,588,6701,55,6058
Bhadrak,21.0528,86.52,757,4083,14,3312
Bhadohi,25.3898968,82.5508402,260,1395,11,1124
Betul,21.92,77.9,421,1228,27,780
Bengaluru Urban,12.9412605,77.3016439,39682,176712,2514,134516
Bengaluru Rural,13.1811978,77.2950139,1816,6993,60,5117
Belagavi,15.8667,74.5,2451,16785,244,14090
Begusarai,25.42,86.13,227,5903,23,5653
Beed,18.9964693,75.7316342,2452,7400,199,4749
Bathinda,30.23,74.95,1408,4201,75,2718
Basti,26.8,82.7167,454,3038,60,2524
Bastar,19.2073273,81.9251137,682,1647,5,960
Barwani,22.03,74.9,219,1474,16,1239
Barnala,30.3833,75.55,392,1496,32,1072
Barmer,25.75,71.3833,84,2510,26,2400
Bargarh,21.3333,83.6167,1178,4575,9,3388
Bareilly,28.364,79.415,1923,8706,128,6655
Baran,25.1,76.5167,246,1058,13,799
Baramulla,34.2,74.34,958,3517,114,2445
Barabanki,26.92,81.22,1118,5221,43,4060
Banswara,23.5408,74.4425,173,939,7,759
Bankura,23.25,87.0667,709,4082,32,3341
Banka,24.88,86.92,212,2001,8,1781
Bandipora,34.4368973,74.5786142,952,2921,29,1940
Banda,25.4807,80.331902,402,1478,15,1061
Banaskantha,24.3073759,72.3495197,0,1445,20,1425
Bametara,21.7130974,81.5267944,261,776,7,508
Balrampur,27.43,82.18,389,1846,22,1435
Baloda Bazar,21.67,82.17,822,1843,12,1009
Balod,20.73,81.2,676,1209,1,532
Ballia,25.7625,84.1519,832,5067,62,4173
Ballari,15.1357664,76.8715732,4776,27131,353,22002
Balasore,21.4894039,86.8841398,1104,5460,20,4336
Balangir,20.7167,83.4833,969,3105,12,2124
Balaghat,21.8,80.18,233,577,1,343
Bahraich,27.5742,81.5958,397,2641,44,2200
Baghpat,28.95,77.22,190,1137,21,926
Bageshwar,29.8414745,79.7575556,134,385,1,250
Bagalkote,16.1833,75.7,1353,8389,88,6948
Azamgarh,26.06,83.19,580,3964,62,3322
Ayodhya,26.8,82.2,956,4780,57,3767
Aurangabad,19.876165,75.343315,7732,33628,780,25116
Auraiya,26.4631,79.5117,357,1780,20,1403
Ashoknagar,24.5728549,77.7166949,77,331,12,242
Arwal,25.2427596,84.6568433,125,1560,7,1428
Ariyalur,11.1511,79.0761,166,3315,37,3112
Aravalli,23.4815797,73.0341517,112,500,24,364
Araria,26.15,87.52,687,4361,14,3660
Anuppur,23.1,81.68,104,605,6,495
Anjaw,28.36,96.45,27,78,0,51
Angul,20.836447,85.1056116,824,2049,4,1221
Anantnag,33.73,75.15,726,2976,54,2196
Anantapur,14.6833,77.6,3502,50088,420,46166
Anand,22.556,72.951,73,941,16,852
Amroha,28.9044,78.4675,447,2211,23,1741
Amritsar,31.6167,74.85,1633,6969,269,5067
Amreli,21.6167,71.2333,372,1694,23,1299
Amravati,20.9333,77.75,1966,8885,196,6723
Amethi,26.169,81.7993,554,2024,15,1455
Ambedkar Nagar,27.8107289,79.7466709,280,1212,24,908
Ambala,30.3786,76.7725,1264,6198,62,4872
Alwar,27.5625,76.625,527,9238,31,8680
Almora,29.62,79.67,119,882,4,759
Alirajpur,22.305455,74.3454265,202,875,10,663
Alipurduar,26.5,89.52,484,3428,33,2911
Aligarh,27.88,78.08,1758,6685,31,4896
Alappuzha,9.49,76.34,2154,8368,18,6196
Akola,20.7333,77,1850,5665,182,3633
Ajmer,26.27,74.42,375,5473,88,5010
Aizawl,23.7333,92.7167,468,983,0,515
Airport Quarantine,,,37,1823,1,1785
Ahmednagar,19.0833,74.7333,7447,30759,468,22844
Ahmedabad,23.03,72.58,4177,34072,1765,28130
Agra,27.18,78.02,872,4276,113,3291
Agar Malwa,23.7114157,76.0010054,49,309,6,254
